<?xml version="1.0" encoding="UTF-8"?>
<document>
    <properties>
        <title>Plugin shepherd</title>
    </properties>
    <head>
        <!-- Keywords example : "cms, authentication, cms, workflow, seo, collaborative, ..." 
             Use the language of this xdoc -->
        <meta name="keywords" content="" />
    </head>
    <body>
        <section name="Plugin shepherd">
            <!--
            <p>
                <img src="images/shepherd.png" />
            </p>
            -->
            <subsection name="Introduction">
                <p></p>
            </subsection>
            <subsection name="Configuration">
                <p></p>
            </subsection>
            <subsection name="Usage">
                <p></p>
            </subsection>
        </section>
    </body>
</document>

